1, close
2, close
3, close
4, close
5, close
6, close
7, close
8, close
9, close
10, close
11, close
12, close
13, close
14, close
15, close
16, close
17, close
18, close
19, close
20, close
21, close
23, close
24, close
25, close
26, close
27, close
28, close
29, close
30, close
31, close
32, close
33, close
34, close
35, close
36, close
37, close
38, close
39, close
40, close
41, close
42, close
43, close
44, close
45, close
46, close
47, close
48, close
49, close
50, close
51, close
52, close
53, close
54, close
55, close
56, close
57, close
58, close
59, close
60, close
61, close
62, close
63, close
64, close
65, close
66, close
67, close
68, close
69, close
70, close
71, close
72, close
73, close
74, close
75, close
76, close
77, close
78, close
79, close
80, close
81, close
82, close
83, close
84, close
85, close
86, close
87, close
88, close
89, close
90, close
91, close
92, close
93, close
94, close
95, close
96, close
97, close
98, close
99, close
100, close
101, close
102, close
103, close
104, close
105, close
106, close
107, close
108, close
109, close
110, close
111, close
112, close
113, close
114, close
115, close
116, close
117, close
118, close
119, close
120, close
121, close
122, close
123, close
124, close
125, close
126, close
127, close
128, close
129, close
130, close
131, close
132, close
133, close
134, close
135, close
136, close
137, close
138, close
139, close
140, close
141, close
142, close
143, close
144, close
145, close
146, close
147, close
148, close
149, close
150, close
151, close
152, close
153, close
154, close
155, close
156, close
157, close
158, close
159, close
160, close
161, close
162, close
163, close
164, close
165, close
166, close
167, close
168, close
169, close
170, close
171, close
172, close
173, close
174, close
175, close
176, close
177, close
178, close
179, close
180, close
181, close
182, close
183, close
184, close
185, close
186, close
187, close
188, close
189, close
190, close
191, close
192, close
193, close
194, close
195, close
196, close
197, close
198, close
199, close
200, close
201, close
202, close
203, close
204, close
205, close
206, close
207, close
208, close
209, close
210, close
211, close
212, close
213, close
214, close
215, close
216, close
217, close
218, close
219, close
220, close
221, close
222, close
223, close
224, close
225, close
226, close
227, close
228, close
229, close
230, close
231, close
232, close
233, close
234, close
235, close
236, close
237, close
238, close
239, close
240, close
241, close
242, close
243, close
244, close
245, close
246, close
247, close
248, close
249, close
250, close
251, close
252, close
253, close
254, close
255, close
256, close
257, close
258, close
259, close
260, close
261, close
262, close
263, close
264, close
265, close
266, close
267, close
268, close
269, close
270, close
271, close
272, close
273, close
274, close
275, close
276, close
277, close
278, close
279, close
280, close
281, close
282, close
283, close
284, close
285, close
286, close
287, close
288, close
289, close
290, close
291, close
292, close
293, close
294, close
295, close
296, close
297, close
298, close
299, close
300, close
301, close
302, close
303, close
304, close
305, close
306, close
307, close
308, close
309, close
310, close
311, close
312, close
313, close
314, close
315, close
316, close
317, close
318, close
319, close
320, close
321, close
322, close
323, close
324, close
325, close
326, close
327, close
328, close
329, close
330, close
331, close
332, close
333, close
334, close
335, close
336, close
337, close
338, close
339, close
340, close
341, close
342, close
343, close
344, close
345, close
346, close
347, close
348, close
349, close
350, close
351, close
352, close
353, close
354, close
355, close
356, close
357, close
358, close
359, close
360, close
361, close
362, close
363, close
364, close
365, close
366, close
367, close
368, close
369, close
370, close
371, close
372, close
373, close
374, close
375, close
376, close
377, close
378, close
379, close
380, close
381, close
382, close
383, close
384, close
385, close
386, close
387, close
388, close
389, close
390, close
391, close
392, close
393, close
394, close
395, close
396, close
397, close
398, close
399, close
400, close
401, close
402, close
403, close
404, close
405, close
406, close
407, close
408, close
409, close
410, close
411, close
412, close
413, close
414, close
415, close
416, close
417, close
418, close
419, close
420, close
421, close
422, close
423, close
424, close
425, close
426, close
427, close
428, close
429, close
430, close
431, close
432, close
433, close
434, close
435, close
436, close
437, close
438, close
439, close
440, close
441, close
442, close
443, close
444, close
445, close
446, close
447, close
448, close
449, close
450, close
451, close
452, close
453, close
454, close
455, close
456, close
457, close
458, close
459, close
460, close
461, close
462, close
463, close
464, close
465, close
466, close
467, close
468, close
469, close
470, close
471, close
472, close
473, close
474, close
475, close
476, close
477, close
478, close
479, close
480, close
481, close
482, close
483, close
484, close
485, close
486, close
487, close
488, close
489, close
490, close
491, close
492, close
493, close
494, close
495, close
496, close
497, close
498, close
499, close
500, close
501, close
502, close
503, close
504, close
505, close
506, close
507, close
508, close
509, close
510, close
511, close
512, close
513, close
514, close
515, close
516, close
517, close
518, close
519, close
520, close
521, close
522, close
523, close
524, close
525, close
526, close
527, close
528, close
529, close
530, close
531, close
532, close
533, close
534, close
535, close
536, close
537, close
538, close
539, close
540, close
541, close
542, close
543, close
544, close
545, close
546, close
547, close
548, close
549, close
550, close
551, close
552, close
553, close
554, close
555, close
556, close
557, close
558, close
559, close
560, close
561, close
562, close
563, close
564, close
565, close
566, close
567, close
568, close
569, close
570, close
571, close
572, close
573, close
574, close
575, close
576, close
577, close
578, close
579, close
580, close
581, close
582, close
583, close
584, close
585, close
586, close
587, close
588, close
589, close
590, close
591, close
592, close
593, close
594, close
595, close
596, close
597, close
598, close
599, close
600, close
601, close
602, close
603, close
604, close
605, close
606, close
607, close
608, close
609, close
610, close
611, close
612, close
613, close
614, close
615, close
616, close
617, close
618, close
619, close
620, close
621, close
622, close
623, close
624, close
625, close
626, close
627, close
628, close
629, close
630, close
631, close
632, close
633, close
634, close
635, close
636, close
637, close
638, close
639, close
640, close
641, close
642, close
643, close
644, close
645, close
646, close
647, close
648, close
649, close
650, close
651, close
652, close
653, close
654, close
655, close
656, close
657, close
658, close
659, close
660, close
661, close
662, close
663, close
664, close
665, close
666, close
667, close
668, close
669, close
670, close
671, close
672, close
673, close
674, close
675, close
676, close
677, close
678, close
679, close
680, close
681, close
682, close
683, close
684, close
685, close
686, close
687, close
688, close
689, close
690, close
691, close
692, close
693, close
694, close
695, close
696, close
697, close
698, close
699, close
700, close
701, close
702, close
703, close
704, close
705, close
706, close
707, close
708, close
709, close
710, close
711, close
712, close
713, close
714, close
715, close
716, close
717, close
718, close
719, close
720, close
721, close
722, close
723, close
724, close
725, close
726, close
727, close
728, close
729, close
730, close
731, close
732, close
733, close
734, close
735, close
736, close
737, close
738, close
739, close
740, close
741, close
742, close
743, close
744, close
745, close
746, close
747, close
748, close
749, close
750, close
751, close
752, close
753, close
754, close
755, close
756, close
757, close
758, close
759, close
760, close
761, close
762, close
763, close
764, close
765, close
766, close
767, close
768, close
769, close
770, close
771, close
772, close
773, close
774, close
775, close
776, close
777, close
778, close
779, close
780, close
781, close
782, close
783, close
784, close
785, close
786, close
787, close
788, close
789, close
790, close
791, close
792, close
793, close
794, close
795, close
796, close
797, close
798, close
799, close
800, close
801, close
802, close
803, close
804, close
805, close
806, close
807, close
808, close
809, close
810, close
811, close
812, close
813, close
814, close
815, close
816, close
817, close
818, close
819, close
820, close
821, close
822, close
823, close
824, close
825, close
826, close
827, close
828, close
829, close
830, close
831, close
832, close
833, close
834, close
835, close
836, close
837, close
838, close
839, close
840, close
841, close
842, close
843, close
844, close
845, close
846, close
847, close
848, close
849, close
850, close
851, close
852, close
853, close
854, close
855, close
856, close
857, close
858, close
859, close
860, close
861, close
862, close
863, close
864, close
865, close
866, close
867, close
868, close
869, close
870, close
871, close
872, close
873, close
874, close
875, close
876, close
877, close
878, close
879, close
880, close
881, close
882, close
883, close
884, close
885, close
886, close
887, close
888, close
889, close
890, close
891, close
892, close
893, close
894, close
895, close
896, close
897, close
898, close
899, close
900, close
901, close
902, close
903, close
904, close
905, close
906, close
907, close
908, close
909, close
910, close
911, close
912, close
913, close
914, close
915, close
916, close
917, close
918, close
919, close
920, close
921, close
922, close
923, close
924, close
925, close
926, close
927, close
928, close
929, close
930, close
931, close
932, close
933, close
934, close
935, close
936, close
937, close
938, close
939, close
940, close
941, close
942, close
943, close
944, close
945, close
946, close
947, close
948, close
949, close
950, close
951, close
952, close
953, close
954, close
955, close
956, close
957, close
958, close
959, close
960, close
961, close
962, close
963, close
964, close
965, close
966, close
967, close
968, close
969, close
970, close
971, close
972, close
973, close
974, close
975, close
976, close
977, close
978, close
979, close
980, close
981, close
982, close
983, close
984, close
985, close
986, close
987, close
988, close
989, close
990, close
991, close
992, close
993, close
994, close
995, close
996, close
997, close
998, close
999, close
1000, close
1001, close
1002, close
1003, close
1004, close
1005, close
1006, close
1007, close
1008, close
1009, close
1010, close
1011, close
1012, close
1013, close
1014, close
1015, close
1016, close
1017, close
1018, close
1019, close
1020, close
1021, close
1022, close
1023, close
1024, close
22, open
